,id,tranId,asset,amount,divTime,enInfo
0,1124493421,74359563871,BETH,0.00012877,1629967170000,ETH 2.0 Staking
1,1120090550,74313266007,ENJ,0.00116758,1629943797000,Flexible Savings
2,1116498058,74306897652,BUSD,0.08199815,1629940555000,DeFi Staking
3,1113405038,74203012153,BETH,0.00012114,1629884117000,ETH 2.0 Staking
4,1112888403,74181923666,BNB,0.00320651,1629873264000,Liquid Swap
5,1112888404,74181923665,BTC,0.00001141,1629873264000,Liquid Swap
6,1112888405,74181923669,BNB,0.00114354,1629873264000,Liquid Swap
7,1112888406,74181923709,BTC,0.00001018,1629873264000,Liquid Swap
8,1112888407,74181923707,BNB,0.00241743,1629873264000,Liquid Swap
9,1112888408,74181923735,LINK,0.01946567,1629873264000,Liquid Swap
10,1112888411,74181923734,BNB,0.00124023,1629873264000,Liquid Swap
11,1112888412,74181923736,BTC,0.00000474,1629873264000,Liquid Swap
12,1112888413,74181923756,DOT,0.00973885,1629873264000,Liquid Swap
13,1112888414,74181923778,BNB,0.00122416,1629873264000,Liquid Swap
14,1112888415,74181923801,BETH,0.00001563,1629873264000,Liquid Swap
15,1112888416,74181923836,ETH,0.00001,1629873264000,Liquid Swap
16,1112888417,74181923845,BNB,0.00024106,1629873264000,Liquid Swap
17,1112888418,74181923847,UNI,0.00146407,1629873264000,Liquid Swap
18,1112888419,74181923858,BTC,0.0000003,1629873264000,Liquid Swap
19,1112888421,74181923885,BTC,0.00000475,1629873264000,Liquid Swap
20,1112888422,74181923877,BNB,0.00150928,1629873264000,Liquid Swap
21,1112888423,74181923881,BNB,0.00321377,1629873264000,Liquid Swap
22,1112888424,74181923916,SXP,0.06015839,1629873264000,Liquid Swap
23,1112888425,74181923906,ADA,0.65530896,1629873264000,Liquid Swap
24,1112888427,74181923914,BTC,0.00003645,1629873264000,Liquid Swap
25,1112888428,74181923982,BNB,0.00074911,1629873264000,Liquid Swap
26,1112888429,74181924025,THETA,0.02353785,1629873264000,Liquid Swap
27,1112888431,74181924007,BTC,0.00000309,1629873264000,Liquid Swap
28,1109354989,74160680467,ENJ,0.00116757,1629859343000,Flexible Savings
29,1105913518,74151646462,BUSD,0.08199815,1629854050000,DeFi Staking
30,1103195870,74048731169,BETH,0.00009621,1629801374000,ETH 2.0 Staking
31,1099268410,74013758077,ENJ,0.00116755,1629773836000,Flexible Savings
32,1095664747,74004830955,BUSD,0.08199815,1629767645000,DeFi Staking
33,1092767024,73919790672,BETH,0.00009607,1629711857000,ETH 2.0 Staking
34,1088824971,73867963308,ENJ,0.00116753,1629684900000,Flexible Savings
35,1085196148,73859932827,BUSD,0.08199815,1629681173000,DeFi Staking
36,1082253676,73777191627,BETH,0.00009352,1629621750000,ETH 2.0 Staking
37,1078141639,73743045896,ENJ,0.00116752,1629597290000,Flexible Savings
38,1074934632,73738325469,BUSD,0.08199815,1629594622000,DeFi Staking
39,1072411686,73683773685,BETH,0.00008135,1629552485000,ETH 2.0 Staking
40,1067927627,73608358457,ENJ,0.0011675,1629510913000,Flexible Savings
41,1064754000,73604165932,BUSD,0.08199815,1629508299000,DeFi Staking
42,1062897542,73585578512,BNB,0.00024294,1629495688000,Liquid Swap
43,1062897543,73585578516,BNB,0.00010236,1629495688000,Liquid Swap
44,1062897544,73585578519,BTC,0.00000103,1629495688000,Liquid Swap
45,1062897545,73585578525,LINK,0.00238877,1629495688000,Liquid Swap
46,1062897546,73585578528,BTC,0.00000124,1629495688000,Liquid Swap
47,1062897547,73585578521,BNB,0.00018639,1629495688000,Liquid Swap
48,1062897551,73585578560,BNB,0.00009498,1629495688000,Liquid Swap
49,1062897552,73585578564,BTC,0.00000046,1629495688000,Liquid Swap
50,1062897555,73585578571,DOT,0.00102049,1629495688000,Liquid Swap
51,1062897556,73585578588,BNB,0.00009296,1629495688000,Liquid Swap
52,1062897557,73585578589,BETH,0.00000171,1629495688000,Liquid Swap
53,1062897559,73585578606,ETH,0.00000066,1629495688000,Liquid Swap
54,1062897562,73585578632,BNB,0.00001857,1629495688000,Liquid Swap
55,1062897564,73585578651,BTC,0.00000001,1629495688000,Liquid Swap
56,1062897565,73585578639,UNI,0.00014202,1629495688000,Liquid Swap
57,1062897567,73585578666,SXP,0.00298491,1629495688000,Liquid Swap
58,1062897576,73585578794,BNB,0.00024636,1629495688000,Liquid Swap
59,1062897579,73585578807,BTC,0.00000283,1629495688000,Liquid Swap
60,1062897582,73585578801,ADA,0.06319177,1629495688000,Liquid Swap
61,1062897595,73585578980,BNB,0.00005694,1629495688000,Liquid Swap
62,1062897596,73585578998,BTC,0.00000009,1629495688000,Liquid Swap
63,1062897597,73585579000,BTC,0.00000019,1629495688000,Liquid Swap
64,1062897598,73585578997,THETA,0.00169061,1629495688000,Liquid Swap
65,1062897600,73585579005,BNB,0.00011448,1629495688000,Liquid Swap
66,1062319919,73539388232,BNB,0.00024298,1629467005000,Liquid Swap
67,1062319921,73539388259,BNB,0.00003931,1629467005000,Liquid Swap
68,1062319923,73539388260,BTC,0.00000005,1629467005000,Liquid Swap
69,1062319927,73539388276,UNI,0.00023104,1629467005000,Liquid Swap
70,1062319944,73539388623,THETA,0.00248065,1629467005000,Liquid Swap
71,1062319945,73539388641,BTC,0.0000003,1629467005000,Liquid Swap
72,1062319949,73539388652,BNB,0.00012094,1629467005000,Liquid Swap
73,1062319951,73539388709,BTC,0.00000075,1629467005000,Liquid Swap
74,1062319955,73539388708,SXP,0.00933844,1629467005000,Liquid Swap
75,1062319891,73539387962,BNB,0.00051456,1629467004000,Liquid Swap
76,1062319895,73539388020,BNB,0.00039542,1629467004000,Liquid Swap
77,1062319896,73539387999,BTC,0.00000089,1629467004000,Liquid Swap
78,1062319897,73539387998,BNB,0.0001147,1629467004000,Liquid Swap
79,1062319899,73539388025,BTC,0.00000218,1629467004000,Liquid Swap
80,1062319905,73539388050,BNB,0.00020157,1629467004000,Liquid Swap
81,1062319906,73539388060,DOT,0.0021675,1629467004000,Liquid Swap
82,1062319907,73539388041,LINK,0.00351876,1629467004000,Liquid Swap
83,1062319909,73539388061,BTC,0.0000013,1629467004000,Liquid Swap
84,1062319912,73539388108,BNB,0.00019687,1629467004000,Liquid Swap
85,1062319913,73539388184,ETH,0.0000027,1629467004000,Liquid Swap
86,1062319914,73539388181,BETH,0.00000255,1629467004000,Liquid Swap
87,1061999562,73517852951,BETH,0.00000001,1629452303000,ETH 2.0 Staking
88,1058049557,73474625087,ENJ,0.00116749,1629424498000,Flexible Savings
89,1057271991,73474178185,BTC,0.00000063,1629424267000,Flexible Savings
90,1054865052,73470031440,BUSD,0.03954997,1629421836000,DeFi Staking
91,1052993526,73444843923,BTC,0.0000009,1629405207000,Liquid Swap
92,1052993527,73444843927,BNB,0.00024977,1629405207000,Liquid Swap
93,1052993530,73444843931,BNB,0.00050042,1629405207000,Liquid Swap
94,1052993531,73444843942,SXP,0.01849663,1629405207000,Liquid Swap
95,1052993533,73444843943,BTC,0.00000137,1629405207000,Liquid Swap
96,1052993534,73444843919,THETA,0.00718575,1629405207000,Liquid Swap
97,1052993504,73444843436,BTC,0.00000284,1629405206000,Liquid Swap
98,1052993505,73444843437,BNB,0.00078657,1629405206000,Liquid Swap
99,1052993506,73444843430,BNB,0.00081156,1629405206000,Liquid Swap
100,1052993511,73444843447,BNB,0.0004163,1629405206000,Liquid Swap
101,1052993512,73444843428,BTC,0.00000535,1629405206000,Liquid Swap
102,1052993513,73444843431,BETH,0.00000511,1629405206000,Liquid Swap
103,1052993515,73444843440,BTC,0.00000385,1629405206000,Liquid Swap
104,1052993516,73444843438,DOT,0.00504945,1629405206000,Liquid Swap
105,1052993517,73444843429,BNB,0.00105109,1629405206000,Liquid Swap
106,1052993518,73444843446,BNB,0.00037656,1629405206000,Liquid Swap
107,1052993519,73444843433,LINK,0.00976143,1629405206000,Liquid Swap
108,1052993520,73444843721,BTC,0.00000022,1629405206000,Liquid Swap
109,1052993521,73444843692,ETH,0.0000059,1629405206000,Liquid Swap
110,1052993522,73444843708,BNB,0.00007982,1629405206000,Liquid Swap
111,1052993523,73444843796,UNI,0.00064762,1629405206000,Liquid Swap
112,1052690489,73420970186,BETH,0.00000001,1629392248000,ETH 2.0 Staking
113,1048565921,73338020349,ENJ,0.00116747,1629338095000,Flexible Savings
114,1047659070,73337501288,BTC,0.00000051,1629337827000,Flexible Savings
115,1045404445,73333407128,BUSD,0.03954997,1629335560000,DeFi Staking
116,1042798785,73250955522,BTC,0.00000144,1629281246000,Liquid Swap
117,1042798786,73250955670,THETA,0.01061173,1629281246000,Liquid Swap
118,1042798787,73250955603,BNB,0.00019324,1629281246000,Liquid Swap
119,1042798752,73250954717,BNB,0.00081245,1629281245000,Liquid Swap
120,1042798753,73250954720,BNB,0.00038333,1629281245000,Liquid Swap
121,1042798754,73250954749,BTC,0.00000302,1629281245000,Liquid Swap
122,1042798755,73250954754,BNB,0.00041324,1629281245000,Liquid Swap
123,1042798756,73250954816,BNB,0.00062503,1629281245000,Liquid Swap
124,1042798757,73250954823,BTC,0.00000587,1629281245000,Liquid Swap
125,1042798758,73250954821,BTC,0.00000591,1629281245000,Liquid Swap
126,1042798759,73250954822,LINK,0.01073323,1629281245000,Liquid Swap
127,1042798760,73250954818,BNB,0.00057083,1629281245000,Liquid Swap
128,1042798761,73250954817,BNB,0.00060643,1629281245000,Liquid Swap
129,1042798762,73250954820,DOT,0.01181346,1629281245000,Liquid Swap
130,1042798763,73250954890,BETH,0.00000567,1629281245000,Liquid Swap
131,1042798764,73250954894,ETH,0.00000414,1629281245000,Liquid Swap
132,1042798765,73250954951,UNI,0.00087611,1629281245000,Liquid Swap
133,1042798766,73250954980,BTC,0.00000032,1629281245000,Liquid Swap
134,1042798767,73250954933,BNB,0.00006178,1629281245000,Liquid Swap
135,1042798769,73250955060,SXP,0.01528569,1629281245000,Liquid Swap
136,1042798772,73250955181,BTC,0.00000086,1629281245000,Liquid Swap
137,1042483835,73243764043,BETH,0.00000001,1629275530000,ETH 2.0 Staking
138,1038892678,73208477443,ENJ,0.00116745,1629251686000,Flexible Savings
139,1035837304,73200715507,BUSD,0.03954997,1629249186000,DeFi Staking
140,1033103584,73093290639,BETH,0.00000001,1629190099000,ETH 2.0 Staking
141,1032876881,73081150374,THETA,0.02630102,1629181830000,Liquid Swap
142,1032876884,73081150394,BTC,0.00000246,1629181830000,Liquid Swap
143,1032876783,73081148817,SXP,0.04166785,1629181830000,Liquid Swap
144,1032876784,73081148807,BTC,0.00001799,1629181830000,Liquid Swap
145,1032876791,73081148877,BNB,0.00084551,1629181830000,Liquid Swap
146,1032876792,73081148909,BTC,0.00000362,1629181830000,Liquid Swap
147,1032876753,73081148527,BNB,0.00365978,1629181829000,Liquid Swap
148,1032876756,73081148544,BNB,0.00120213,1629181829000,Liquid Swap
149,1032876758,73081148545,BTC,0.00001036,1629181829000,Liquid Swap
150,1032876759,73081148548,BNB,0.0028284,1629181829000,Liquid Swap
151,1032876760,73081148560,LINK,0.02643816,1629181829000,Liquid Swap
152,1032876761,73081148550,BTC,0.00001557,1629181829000,Liquid Swap
153,1032876763,73081148575,BNB,0.00243998,1629181829000,Liquid Swap
154,1032876764,73081148598,BTC,0.00001336,1629181829000,Liquid Swap
155,1032876765,73081148612,DOT,0.02584837,1629181829000,Liquid Swap
156,1032876766,73081148679,BNB,0.00272762,1629181829000,Liquid Swap
157,1032876767,73081148688,ETH,0.00002257,1629181829000,Liquid Swap
158,1032876768,73081148680,BETH,0.00002788,1629181829000,Liquid Swap
159,1032876771,73081148735,BTC,0.00000044,1629181829000,Liquid Swap
160,1032876772,73081148718,UNI,0.00168043,1629181829000,Liquid Swap
161,1032876774,73081148722,BNB,0.00027945,1629181829000,Liquid Swap
162,1032876776,73081148746,BNB,0.00169497,1629181829000,Liquid Swap
163,1032876780,73081148796,BNB,0.00170874,1629181829000,Liquid Swap
164,1032876781,73081148797,ADA,0.40433449,1629181829000,Liquid Swap
165,1029486579,73049809548,ENJ,0.00116744,1629165299000,Flexible Savings
166,1028690078,73049205733,BTC,0.00000069,1629165070000,Flexible Savings
167,1026319059,73043491352,BUSD,0.03954997,1629162643000,DeFi Staking
168,1024982007,73038330894,ADA,0.12973828,1629160247000,Locked Staking
169,1023655933,72941246832,BETH,0.00000001,1629104160000,ETH 2.0 Staking
170,1018451967,72890503334,ENJ,0.00116742,1629076460000,Flexible Savings
171,1017939939,72890244081,BUSD,0.03954997,1629076317000,DeFi Staking
172,1017806867,72890185044,BTC,0.00000069,1629076283000,Flexible Savings
173,1015295554,72884458172,ADA,0.12973828,1629073673000,Locked Staking
174,1014204934,72806006315,BETH,0.00000001,1629018482000,ETH 2.0 Staking
175,1010880511,72763288913,ENJ,0.00116741,1628992490000,Flexible Savings
176,1010163248,72762986331,BTC,0.00000069,1628992290000,Flexible Savings
177,1007727397,72758250756,BUSD,0.03954997,1628989913000,DeFi Staking
178,1006171840,72752938384,ADA,0.12973828,1628987227000,Locked Staking
179,1004882330,72666309328,BETH,0.00000001,1628930246000,ETH 2.0 Staking
180,999930875,72627795655,ENJ,0.00116739,1628903660000,Flexible Savings
181,999746068,72627717858,BUSD,0.03954997,1628903615000,DeFi Staking
182,999090387,72627338015,BTC,0.00000069,1628903427000,Flexible Savings
183,996773284,72621647844,ADA,0.12973828,1628900812000,Locked Staking
184,995377281,72533100501,BETH,0.00000001,1628843515000,ETH 2.0 Staking
185,991413163,72516385486,ENJ,0.00116737,1628837979000,Flexible Savings
186,990811582,72515679684,BTC,0.00000039,1628837695000,Flexible Savings
187,987508425,72501196778,ADA,0.12973828,1628814457000,Locked Staking
188,986039387,72391283975,BNB,0.00049466,1628743644000,Liquid Swap
189,986039390,72391283979,ADA,0.14820243,1628743644000,Liquid Swap
190,986039392,72391284007,BNB,0.00016527,1628743644000,Liquid Swap
191,986039393,72391284204,SXP,0.01256685,1628743644000,Liquid Swap
192,986039398,72391284432,BTC,0.00000092,1628743644000,Liquid Swap
193,986039368,72391282965,BNB,0.00055714,1628743643000,Liquid Swap
194,986039370,72391283004,BTC,0.00000332,1628743643000,Liquid Swap
195,986039372,72391282998,BTC,0.00000333,1628743643000,Liquid Swap
196,986039373,72391283005,BNB,0.00090894,1628743643000,Liquid Swap
197,986039374,72391282993,BNB,0.00033279,1628743643000,Liquid Swap
198,986039376,72391283344,BNB,0.00046555,1628743643000,Liquid Swap
199,986039377,72391283339,LINK,0.00540303,1628743643000,Liquid Swap
200,986039378,72391283400,BTC,0.00000266,1628743643000,Liquid Swap
201,986039379,72391283439,DOT,0.00562502,1628743643000,Liquid Swap
202,986039380,72391283606,BETH,0.00000641,1628743643000,Liquid Swap
203,986039381,72391283605,BNB,0.00053016,1628743643000,Liquid Swap
204,986039382,72391283707,ETH,0.00000759,1628743643000,Liquid Swap
205,986039383,72391283779,BNB,0.00005549,1628743643000,Liquid Swap
206,986039384,72391283967,UNI,0.00033347,1628743643000,Liquid Swap
207,986039385,72391284171,BNB,0.00033212,1628743643000,Liquid Swap
208,986039386,72391283976,BTC,0.00000008,1628743643000,Liquid Swap
209,986039388,72391283973,BTC,0.00000617,1628743643000,Liquid Swap
210,986039389,72391284045,BTC,0.00000076,1628743643000,Liquid Swap
211,986039391,72391284029,THETA,0.00515696,1628743643000,Liquid Swap
212,983133832,72373264770,ENJ,0.00116736,1628734374000,Flexible Savings
213,981374980,72371157510,BTC,0.00000039,1628733394000,Flexible Savings
214,978291839,72359757492,ADA,0.12973828,1628728129000,Locked Staking
215,976608256,72220742900,BTC,0.00000192,1628657307000,Liquid Swap
216,976608257,72220742899,THETA,0.01649587,1628657307000,Liquid Swap
217,976608261,72220742986,SXP,0.06891665,1628657307000,Liquid Swap
218,976608262,72220742961,BNB,0.00115856,1628657307000,Liquid Swap
219,976608266,72220742956,BTC,0.00000421,1628657307000,Liquid Swap
220,976608228,72220742048,BNB,0.00096966,1628657307000,Liquid Swap
221,976608230,72220742033,BNB,0.00314401,1628657307000,Liquid Swap
222,976608231,72220742035,BTC,0.00000759,1628657307000,Liquid Swap
223,976608232,72220742043,BTC,0.00000728,1628657307000,Liquid Swap
224,976608233,72220742034,BNB,0.00195325,1628657307000,Liquid Swap
225,976608234,72220742254,LINK,0.01477738,1628657307000,Liquid Swap
226,976608235,72220742293,BNB,0.00160402,1628657307000,Liquid Swap
227,976608236,72220742341,BETH,0.00003215,1628657307000,Liquid Swap
228,976608237,72220742328,BTC,0.00000582,1628657307000,Liquid Swap
229,976608238,72220742333,DOT,0.01399919,1628657307000,Liquid Swap
230,976608239,72220742346,ETH,0.00002993,1628657307000,Liquid Swap
231,976608240,72220742337,BNB,0.00183267,1628657307000,Liquid Swap
232,976608243,72220742354,BNB,0.00019026,1628657307000,Liquid Swap
233,976608244,72220742378,BTC,0.00000038,1628657307000,Liquid Swap
234,976608247,72220742377,UNI,0.00130533,1628657307000,Liquid Swap
235,976608249,72220742573,BNB,0.00173664,1628657307000,Liquid Swap
236,976608251,72220742728,ADA,0.21369912,1628657307000,Liquid Swap
237,976608252,72220742791,BTC,0.00000755,1628657307000,Liquid Swap
238,976608255,72220742877,BNB,0.00058755,1628657307000,Liquid Swap
239,973910008,72204432188,ENJ,0.00116734,1628647819000,Flexible Savings
240,972453340,72203086234,BTC,0.00000039,1628647042000,Flexible Savings
241,968873573,72191861697,ADA,0.12973828,1628641640000,Locked Staking
242,964761923,72072790933,ENJ,0.00116733,1628561407000,Flexible Savings
243,962993953,72071464583,BTC,0.00000039,1628560481000,Flexible Savings
244,959593605,72063239729,ADA,0.12973828,1628555104000,Locked Staking
245,955567943,71952839422,ENJ,0.00116731,1628475149000,Flexible Savings
246,953841483,71951706008,BTC,0.00000039,1628474199000,Flexible Savings
247,950416881,71942486192,ADA,0.12973828,1628468631000,Locked Staking
248,946565226,71844122178,ENJ,0.00116729,1628388631000,Flexible Savings
249,945045281,71843045884,BTC,0.00000006,1628387850000,Flexible Savings
250,940893219,71798151713,BNB,0.00002228,1628354843000,Liquid Swap
251,940893223,71798151766,BNB,0.00023118,1628354843000,Liquid Swap
252,940893224,71798151728,BNB,0.00000521,1628354843000,Liquid Swap
253,940893225,71798151737,BTC,0.00000001,1628354843000,Liquid Swap
254,940893226,71798151775,BTC,0.00000083,1628354843000,Liquid Swap
255,940893227,71798151817,LINK,0.00158811,1628354843000,Liquid Swap
256,940893228,71798151862,BNB,0.00056685,1628354843000,Liquid Swap
257,940893229,71798151856,BNB,0.00018553,1628354843000,Liquid Swap
258,940893230,71798151875,DOT,0.00352449,1628354843000,Liquid Swap
259,940893231,71798151928,BNB,0.00006768,1628354843000,Liquid Swap
260,940893232,71798151978,BTC,0.00000025,1628354843000,Liquid Swap
261,940893233,71798152008,ETH,0.00000238,1628354843000,Liquid Swap
262,940893234,71798152010,BETH,0.00000407,1628354843000,Liquid Swap
263,940893235,71798152009,BNB,0.0002172,1628354843000,Liquid Swap
264,940893236,71798152013,DOT,0.00067799,1628354843000,Liquid Swap
265,940893237,71798152012,BNB,0.00002133,1628354843000,Liquid Swap
266,940893238,71798152038,UNI,0.00023507,1628354843000,Liquid Swap
267,940893239,71798152107,BTC,0.00000012,1628354843000,Liquid Swap
268,940893243,71798152148,BNB,0.00020052,1628354843000,Liquid Swap
269,940893244,71798152181,BTC,0.00000077,1628354843000,Liquid Swap
270,940893245,71798152182,ADA,0.02451457,1628354843000,Liquid Swap
271,940893246,71798152176,BNB,0.00006932,1628354843000,Liquid Swap
272,940893247,71798152220,BTC,0.00000032,1628354843000,Liquid Swap
273,940893248,71798152273,THETA,0.00244563,1628354843000,Liquid Swap
274,940893249,71798152269,BNB,0.00055173,1628354843000,Liquid Swap
275,940893250,71798152270,BTC,0.00000226,1628354843000,Liquid Swap
276,940893252,71798152281,SXP,0.03679938,1628354843000,Liquid Swap
277,939991882,71732351087,BNB,0.00020789,1628317467000,Liquid Swap
278,939991886,71732351099,BNB,0.00540087,1628317467000,Liquid Swap
279,939991887,71732351091,BNB,0.00006149,1628317467000,Liquid Swap
280,939991888,71732351095,LINK,0.01958336,1628317467000,Liquid Swap
281,939991889,71732351093,BNB,0.00218145,1628317467000,Liquid Swap
282,939991890,71732351096,BTC,0.00001086,1628317467000,Liquid Swap
283,939991891,71732351089,BTC,0.00001259,1628317467000,Liquid Swap
284,939991892,71732351092,BTC,0.00000013,1628317467000,Liquid Swap
285,939991893,71732351109,DOT,0.03773563,1628317467000,Liquid Swap
286,939991894,71732351108,BNB,0.00229719,1628317467000,Liquid Swap
287,939991895,71732351118,BNB,0.00063773,1628317467000,Liquid Swap
288,939991896,71732351120,BTC,0.00000295,1628317467000,Liquid Swap
289,939991897,71732351129,DOT,0.00690375,1628317467000,Liquid Swap
290,939991898,71732351158,BNB,0.00200978,1628317467000,Liquid Swap
291,939991899,71732351218,BETH,0.00003116,1628317467000,Liquid Swap
292,939991900,71732351227,ETH,0.00002425,1628317467000,Liquid Swap
293,939991903,71732351234,BNB,0.00066995,1628317467000,Liquid Swap
294,939991905,71732351237,THETA,0.02457926,1628317467000,Liquid Swap
295,939991906,71732351243,BTC,0.00000043,1628317467000,Liquid Swap
296,939991907,71732351239,BNB,0.00020895,1628317467000,Liquid Swap
297,939991908,71732351240,UNI,0.00140386,1628317467000,Liquid Swap
298,939991910,71732351273,BTC,0.00000385,1628317467000,Liquid Swap
299,939991913,71732351290,BNB,0.00182208,1628317467000,Liquid Swap
300,939991914,71732351296,ADA,0.19406343,1628317467000,Liquid Swap
301,939991915,71732351345,BNB,0.00524697,1628317467000,Liquid Swap
302,939991916,71732351336,BTC,0.00000613,1628317467000,Liquid Swap
303,939991917,71732351352,SXP,0.20735964,1628317467000,Liquid Swap
304,936219358,71702777199,ENJ,0.00116728,1628300026000,Flexible Savings
305,934582021,71701371275,BTC,0.00000006,1628299105000,Flexible Savings
306,928215800,71591062926,ENJ,0.00116726,1628215825000,Flexible Savings
307,926327917,71589915451,BTC,0.00000006,1628214845000,Flexible Savings
308,918911684,71474489520,ENJ,0.00116726,1628129421000,Flexible Savings
309,917840419,71473849612,BTC,0.00000006,1628128881000,Flexible Savings
310,904876198,71379851175,ADA,0.19851442,1628036521000,Locked Staking
311,903282354,71321955985,BNB,0.00001468,1627976427000,Liquid Swap
312,903282356,71321956016,BTC,0.00000003,1627976427000,Liquid Swap
313,903282357,71321956031,BTC,0.00000551,1627976427000,Liquid Swap
314,903282358,71321956033,LINK,0.00891302,1627976427000,Liquid Swap
315,903282364,71321956030,BNB,0.00082807,1627976427000,Liquid Swap
316,903282367,71321956052,BNB,0.00205093,1627976427000,Liquid Swap
317,903282368,71321956070,BNB,0.00092696,1627976427000,Liquid Swap
318,903282369,71321956071,DOT,0.01839519,1627976427000,Liquid Swap
319,903282370,71321956284,BNB,0.00074445,1627976427000,Liquid Swap
320,903282371,71321956287,BNB,0.00007703,1627976427000,Liquid Swap
321,903282372,71321956282,BTC,0.00000121,1627976427000,Liquid Swap
322,903282373,71321956072,BNB,0.00023979,1627976427000,Liquid Swap
323,903282374,71321956288,BTC,0.00000009,1627976427000,Liquid Swap
324,903282375,71321956283,BETH,0.00001378,1627976427000,Liquid Swap
325,903282376,71321956289,UNI,0.00056399,1627976427000,Liquid Swap
326,903282377,71321956285,DOT,0.00317994,1627976427000,Liquid Swap
327,903282378,71321956286,ETH,0.00001118,1627976427000,Liquid Swap
328,903282385,71321956313,BTC,0.00000116,1627976427000,Liquid Swap
329,903282386,71321956308,ADA,0.03778394,1627976427000,Liquid Swap
330,903282387,71321956305,BNB,0.0006801,1627976427000,Liquid Swap
331,903282388,71321956314,BNB,0.00025369,1627976427000,Liquid Swap
332,903282389,71321956324,BTC,0.00000059,1627976427000,Liquid Swap
333,903282391,71321956338,BNB,0.00201392,1627976427000,Liquid Swap
334,903282392,71321956335,THETA,0.00512014,1627976427000,Liquid Swap
335,903282399,71321956340,BTC,0.00001052,1627976427000,Liquid Swap
336,903282406,71321956342,SXP,0.17879748,1627976427000,Liquid Swap
337,903282346,71321955981,BNB,0.0000772,1627976426000,Liquid Swap
338,895870621,71294299683,ADA,0.19851442,1627950080000,Locked Staking
339,894671967,71244986281,BETH,0.00000004,1627893057000,ETH 2.0 Staking
340,887502731,71210789891,ADA,0.19851442,1627864474000,Locked Staking
341,886848879,71188416757,BTC,0.00000068,1627846284000,Liquid Swap
342,886848880,71188416759,BNB,0.0000918,1627846284000,Liquid Swap
343,886848881,71188416761,LINK,0.001084,1627846284000,Liquid Swap
344,886848882,71188416782,BNB,0.00039142,1627846284000,Liquid Swap
345,886848883,71188416781,BNB,0.00022716,1627846284000,Liquid Swap
346,886848884,71188416788,DOT,0.00607639,1627846284000,Liquid Swap
347,886848885,71188416800,BETH,0.0000017,1627846284000,Liquid Swap
348,886848886,71188416799,BNB,0.00008281,1627846284000,Liquid Swap
349,886848887,71188416796,DOT,0.00132753,1627846284000,Liquid Swap
350,886848888,71188416793,BTC,0.00000073,1627846284000,Liquid Swap
351,886848889,71188416790,BNB,0.00003314,1627846284000,Liquid Swap
352,886848890,71188416803,BNB,0.00001059,1627846284000,Liquid Swap
353,886848891,71188416811,BTC,0.00000004,1627846284000,Liquid Swap
354,886848892,71188416801,ETH,0.00000088,1627846284000,Liquid Swap
355,886848893,71188416825,BNB,0.00002893,1627846284000,Liquid Swap
356,886848894,71188416816,UNI,0.00009836,1627846284000,Liquid Swap
357,886848895,71188416829,ADA,0.00176581,1627846284000,Liquid Swap
358,886848896,71188416858,BNB,0.00002813,1627846284000,Liquid Swap
359,886848897,71188416854,BTC,0.00000004,1627846284000,Liquid Swap
360,886848898,71188416871,THETA,0.00084931,1627846284000,Liquid Swap
361,886848899,71188416864,BTC,0.00000008,1627846284000,Liquid Swap
362,886848901,71188416883,BNB,0.00022772,1627846284000,Liquid Swap
363,886848902,71188416889,BTC,0.00000043,1627846284000,Liquid Swap
364,886848905,71188416886,SXP,0.01082582,1627846284000,Liquid Swap
365,886565888,71171484582,BNB,0.00051829,1627830641000,Liquid Swap
366,886565889,71171484575,BNB,0.00440051,1627830641000,Liquid Swap
367,886565890,71171484579,BTC,0.00000228,1627830641000,Liquid Swap
368,886565891,71171484583,DOT,0.00613335,1627830641000,Liquid Swap
369,886565892,71171484584,BNB,0.00184294,1627830641000,Liquid Swap
370,886565893,71171484580,BETH,0.00003264,1627830641000,Liquid Swap
371,886565895,71171484577,DOT,0.03169,1627830641000,Liquid Swap
372,886565899,71171484847,BNB,0.00016566,1627830641000,Liquid Swap
373,886565904,71171484895,UNI,0.00125672,1627830641000,Liquid Swap
374,886565905,71171484876,BTC,0.00000036,1627830641000,Liquid Swap
375,886565907,71171484910,ADA,0.0497773,1627830641000,Liquid Swap
376,886565909,71171484915,BNB,0.00056136,1627830641000,Liquid Swap
377,886565910,71171484921,BTC,0.00000125,1627830641000,Liquid Swap
378,886565916,71171485052,BNB,0.00056355,1627830641000,Liquid Swap
379,886565917,71171485051,BTC,0.00000212,1627830641000,Liquid Swap
380,886565918,71171485073,THETA,0.01692494,1627830641000,Liquid Swap
381,886565921,71171485092,BTC,0.0000116,1627830641000,Liquid Swap
382,886565923,71171485081,BNB,0.0046157,1627830641000,Liquid Swap
383,886565924,71171485146,SXP,0.19973761,1627830641000,Liquid Swap
384,886565882,71171484564,BTC,0.00001153,1627830641000,Liquid Swap
385,886565883,71171484556,LINK,0.0208333,1627830641000,Liquid Swap
386,886565884,71171484561,BNB,0.00183589,1627830641000,Liquid Swap
387,886565886,71171484576,ETH,0.00002515,1627830641000,Liquid Swap
388,886565887,71171484581,BNB,0.00157702,1627830641000,Liquid Swap
389,886012925,71150714202,BETH,0.00000004,1627808138000,ETH 2.0 Staking
390,878520498,71109993460,ADA,0.19851442,1627778009000,Locked Staking
391,877190173,71057331335,BETH,0.00000004,1627720866000,ETH 2.0 Staking
392,869860085,71023316444,ADA,0.19851442,1627691572000,Locked Staking
393,868491695,70958856676,BETH,0.00000003,1627634490000,ETH 2.0 Staking
394,860941620,70924357931,ADA,0.19851442,1627605092000,Locked Staking
395,859756261,70873549186,BETH,0.00000003,1627548509000,ETH 2.0 Staking
396,859538805,70868992321,BNB,0.00004578,1627543534000,Liquid Swap
397,859538808,70868992328,BNB,0.00010761,1627543534000,Liquid Swap
398,859538809,70868992326,BTC,0.00000009,1627543534000,Liquid Swap
399,859538810,70868992329,LINK,0.00022333,1627543534000,Liquid Swap
400,859538811,70868992361,DOT,0.00130916,1627543534000,Liquid Swap
401,859538812,70868992348,BNB,0.00006704,1627543534000,Liquid Swap
402,859538813,70868992362,BNB,0.000013,1627543534000,Liquid Swap
403,859538814,70868992374,BNB,0.00003887,1627543534000,Liquid Swap
404,859538815,70868992378,BETH,0.00000011,1627543534000,Liquid Swap
405,859538816,70868992375,DOT,0.00020495,1627543534000,Liquid Swap
406,859538817,70868992372,BTC,0.00000007,1627543534000,Liquid Swap
407,859538818,70868992384,ETH,0.00000014,1627543534000,Liquid Swap
408,859538819,70868992393,UNI,0.0000113,1627543534000,Liquid Swap
409,859538821,70868992386,BNB,0.00000418,1627543534000,Liquid Swap
410,859538830,70868992443,BNB,0.00001314,1627543534000,Liquid Swap
411,859538831,70868992445,ADA,0.00096537,1627543534000,Liquid Swap
412,859538833,70868992451,BTC,0.00000002,1627543534000,Liquid Swap
413,859538841,70868992488,BNB,0.00001402,1627543534000,Liquid Swap
414,859538844,70868992493,BTC,0.00000004,1627543534000,Liquid Swap
415,859538847,70868992501,THETA,0.00032914,1627543534000,Liquid Swap
416,859458894,70864207251,BNB,0.00219726,1627538245000,Liquid Swap
417,859458896,70864207254,BTC,0.00000619,1627538245000,Liquid Swap
418,859458897,70864207255,BNB,0.00514129,1627538245000,Liquid Swap
419,859458898,70864207280,DOT,0.02133056,1627538245000,Liquid Swap
420,859458899,70864207276,BNB,0.00097799,1627538245000,Liquid Swap
421,859458900,70864207287,BNB,0.00061732,1627538245000,Liquid Swap
422,859458901,70864207253,LINK,0.0137619,1627538245000,Liquid Swap
423,859458902,70864207290,BTC,0.00000127,1627538245000,Liquid Swap
424,859458903,70864207296,DOT,0.00432679,1627538245000,Liquid Swap
425,859458904,70864207310,BNB,0.00226456,1627538245000,Liquid Swap
426,859458905,70864207324,BETH,0.00001814,1627538245000,Liquid Swap
427,859458906,70864207325,ETH,0.00002264,1627538245000,Liquid Swap
428,859458908,70864207341,BNB,0.00020408,1627538245000,Liquid Swap
429,859458909,70864207346,BTC,0.00000022,1627538245000,Liquid Swap
430,859458910,70864207351,UNI,0.00114097,1627538245000,Liquid Swap
431,859458912,70864207381,BTC,0.00000161,1627538245000,Liquid Swap
432,859458914,70864207386,BNB,0.00054729,1627538245000,Liquid Swap
433,859458915,70864207378,BNB,0.00054612,1627538245000,Liquid Swap
434,859458916,70864207383,ADA,0.06870629,1627538245000,Liquid Swap
435,859458917,70864207395,BTC,0.00000367,1627538245000,Liquid Swap
436,859458921,70864207405,THETA,0.02672062,1627538245000,Liquid Swap
437,852156042,70839974649,ADA,0.19851442,1627518648000,Locked Staking
438,851152392,70783287735,BETH,0.00000003,1627462142000,ETH 2.0 Staking
439,847365448,70750360137,BNB,0.00000268,1627437680000,BNB Vault
440,843491100,70741535475,ADA,0.19851442,1627432192000,Locked Staking
441,839373848,70638853446,SXP,0.01434791,1627350731000,Flexible Savings
442,838792237,70638334776,EUR,0.00000203,1627350423000,Flexible Savings
443,836791145,70636032821,ADA,0.00480463,1627349316000,Flexible Savings
444,834637034,70629531517,ADA,0.19851442,1627345741000,Locked Staking
445,834140417,70599215997,BTC,0.000003,1627328304000,Liquid Swap
446,834140418,70599215968,BNB,0.00261754,1627328304000,Liquid Swap
447,834140419,70599215966,UNI,0.01034847,1627328304000,Liquid Swap
448,834140443,70599216343,BNB,0.00711982,1627328304000,Liquid Swap
449,834140446,70599216324,THETA,0.1571519,1627328304000,Liquid Swap
450,834140451,70599216613,ADA,0.34784694,1627328304000,Liquid Swap
451,834140452,70599216598,BNB,0.00667368,1627328304000,Liquid Swap
452,834140454,70599216624,BTC,0.00000987,1627328304000,Liquid Swap
453,834140457,70599216704,BTC,0.00002228,1627328304000,Liquid Swap
454,834140399,70599215593,BNB,0.02626998,1627328304000,Liquid Swap
455,834140400,70599215616,LINK,0.09277304,1627328304000,Liquid Swap
456,834140401,70599215622,BTC,0.00004402,1627328304000,Liquid Swap
457,834140402,70599215639,DOT,0.15688232,1627328304000,Liquid Swap
458,834140403,70599215667,BNB,0.00694378,1627328304000,Liquid Swap
459,834140404,70599215623,BNB,0.06102891,1627328304000,Liquid Swap
460,834140405,70599215735,BNB,0.00699754,1627328304000,Liquid Swap
461,834140407,70599215757,BNB,0.02645676,1627328304000,Liquid Swap
462,834140408,70599215734,DOT,0.03034415,1627328304000,Liquid Swap
463,834140409,70599215739,BTC,0.00000963,1627328304000,Liquid Swap
464,834140410,70599215763,BETH,0.00020235,1627328304000,Liquid Swap
465,834140412,70599215805,ETH,0.00016848,1627328304000,Liquid Swap
466,831918545,70501602120,UNI,0.00000002,1627265419000,Flexible Savings
467,830492498,70499362492,SXP,0.01434752,1627264631000,Flexible Savings
468,829894974,70498376261,EUR,0.00000406,1627264298000,Flexible Savings
469,829261570,70497044344,DOT,0.00015205,1627263940000,Flexible Savings
470,828281578,70494440909,BTC,0.00000051,1627263387000,Flexible Savings
471,827904108,70493568066,BNB,0.0000013,1627263148000,BNB Vault
472,827563597,70492893997,ADA,0.00480195,1627262931000,Flexible Savings
473,825553002,70477208015,ADA,0.19851442,1627259246000,Locked Staking
474,823566353,70394534181,UNI,0.00000002,1627183202000,Flexible Savings
475,822581118,70393497460,SXP,0.01434713,1627182189000,Flexible Savings
476,822171081,70393120821,DOT,0.00015205,1627181813000,Flexible Savings
477,822060682,70393002324,EUR,0.00000406,1627181710000,Flexible Savings
478,821583111,70392595170,BTC,0.00000051,1627181283000,Flexible Savings
479,821069336,70392208498,BNB,0.0000013,1627180827000,BNB Vault
480,820415291,70391643268,ADA,0.00479926,1627180179000,Flexible Savings
481,816915574,70380251742,ADA,0.19851442,1627172788000,Locked Staking
482,814738198,70283589165,UNI,0.00000002,1627093661000,Flexible Savings
483,813528524,70282813805,SXP,0.01434673,1627092873000,Flexible Savings
484,813142907,70282524225,DOT,0.00015204,1627092632000,Flexible Savings
485,813032079,70282400484,EUR,0.00000406,1627092556000,Flexible Savings
486,812456818,70282016109,BTC,0.00000051,1627092197000,Flexible Savings
487,811746628,70281344433,BNB,0.0000013,1627091774000,BNB Vault
488,810981535,70280402554,ADA,0.00479657,1627091332000,Flexible Savings
489,808246723,70270972358,ADA,0.19851442,1627086286000,Locked Staking
490,802980269,70204577352,ADA,0.19851442,1627028565000,Locked Staking
491,800984900,70179106990,UNI,0.00000002,1627007667000,Flexible Savings
492,799809961,70178122105,SXP,0.01434634,1627006851000,Flexible Savings
493,799338929,70177701554,EUR,0.00000406,1627006537000,Flexible Savings
494,798898370,70177298937,DOT,0.00015204,1627006249000,Flexible Savings
495,798412792,70176796492,BTC,0.00000051,1627005915000,Flexible Savings
496,797989342,70176438929,BNB,0.0000013,1627005588000,BNB Vault
497,797453479,70175887997,ADA,0.00479389,1627005203000,Flexible Savings
498,794367689,70097072639,UNI,0.00000002,1626919562000,Flexible Savings
499,792956430,70096192944,SXP,0.01434595,1626918908000,Flexible Savings
