,symbol,orderId,orderListId,clientOrderId,price,origQty,executedQty,cummulativeQuoteQty,status,timeInForce,type,side,stopPrice,icebergQty,time,updateTime,isWorking,origQuoteOrderQty,cost,cost_qty
0,LINKBTC,339623636,-1,web_a8d1445dfa29470e8f7f2804eb89562a,0.00140183,6.50000000,6.5,0.00911189,FILLED,GTC,LIMIT,BUY,0.00000000,0.00000000,1597913487590,1597913498529,True,0.00000000,0.00911189,6.5
1,LINKBTC,339729516,-1,web_5cc762b781b5458ab44b931cb057847e,0.00141029,6.40000000,-6.4,-0.00902585,FILLED,GTC,LIMIT,SELL,0.00000000,0.00000000,1597921023886,1597921032976,True,0.00000000,-0.00902585,-6.4
2,LINKBTC,339863700,-1,web_b1ad2fce94414c3797bd055cc362a00b,0.00139527,6.50000000,6.5,0.00906925,FILLED,GTC,LIMIT,BUY,0.00000000,0.00000000,1597930535333,1597930540200,True,0.00000000,0.00906925,6.5
3,XRPBTC,395516988,-1,web_2579525b65aa4bc5bcd3fb979347fbae,0.00002489,364.00000000,364.0,0.00905268,FILLED,GTC,LIMIT,BUY,0.00000000,0.00000000,1597842913784,1597842913784,True,0.00000000,0.00905268,364.0
4,XRPBTC,395518777,7304960,web_5e8ee1ab9fef4180ac76331675d0557d,0.00002443,363.00000000,-363.0,-0.0088935,FILLED,GTC,STOP_LOSS_LIMIT,SELL,0.00002450,0.00000000,1597843152820,1597854341255,True,0.00000000,-0.0088935,-363.0
5,XRPBTC,395518778,7304960,sQ0KuI7i5koJ1RrotdebAX,0.00002590,363.00000000,-0.0,-0.0,EXPIRED,GTC,LIMIT_MAKER,SELL,0.00000000,0.00000000,1597843152820,1597854341255,True,0.00000000,-0.0,-0.0
6,ADABTC,288721449,-1,web_13f33f5608724d54a3df67cdbfa73c62,0.00000000,185.00000000,-185.0,-0.00368705,FILLED,GTC,MARKET,SELL,0.00000000,0.00000000,1613829054268,1613829054268,True,0.00000000,-0.00368705,-185.0
7,ADABTC,480514330,-1,and_64adc76ff9be454c91983f9409b87cc7,0.00003975,161.00000000,-161.0,-0.00639975,FILLED,GTC,LIMIT,SELL,0.00000000,0.00000000,1628744022512,1628744022512,True,0.00000000,-0.00639975,-161.0
8,AIONBTC,80111868,-1,web_dedd7918d1244ceeb41dc855d175e679,0.00001074,829.00000000,829.0,0.00890346,FILLED,GTC,LIMIT,BUY,0.00000000,0.00000000,1597872240118,1597872240118,True,0.00000000,0.00890346,829.0
9,AIONBTC,80114381,-1,web_92975d7508d24b7a9cc87c02f67ab773,0.00001110,828.00000000,-828.0,-0.0091908,FILLED,GTC,LIMIT,SELL,0.00000000,0.00000000,1597874195325,1597893841128,True,0.00000000,-0.0091908,-828.0
10,ATOMBTC,232609942,-1,and_5ede0e76451c418682a2ab45631930ab,0.00038210,24.67000000,24.67,0.0094264,FILLED,GTC,LIMIT,BUY,0.00000000,0.00000000,1619100747596,1619100749563,True,0.00000000,0.0094264,24.67
11,ATOMBTC,232613371,-1,and_316c2369f77b41039d61f72d54e19a51,0.00038300,18.50000000,-18.5,-0.0070855,FILLED,GTC,LIMIT,SELL,0.00000000,0.00000000,1619101108929,1619101506612,True,0.00000000,-0.0070855,-18.5
12,ATOMBTC,253466406,-1,and_c6e7b90e50e54783b6d9092eb74af8c6,0.00056900,6.17000000,-6.17,-0.00351073,FILLED,GTC,LIMIT,SELL,0.00000000,0.00000000,1621084907391,1621084907414,True,0.00000000,-0.00351073,-6.17
13,ADABUSD,523154266,-1,and_7825a493d42444a09857775d9b722aeb,2.34000000,229.00000000,-229.0,-535.86,FILLED,GTC,LIMIT,SELL,0.00000000,0.00000000,1629405621458,1629405622132,True,0.00000000,-535.86,-229.0
14,BTCEUR,55599634,-1,and_02b7a14af5db4ab7a6475713022e6877,10016.41000000,0.00929000,0.00929,93.05031618,FILLED,GTC,LIMIT,BUY,0.00000000,0.00000000,1597588017200,1597588024697,True,0.00000000,93.05031618,0.00929
15,BTCEUR,316615323,-1,and_1450cb94d5ba4525ad4a7836e31dc552,32759.99000000,0.00610600,0.006106,200.03249894,FILLED,GTC,LIMIT,BUY,0.00000000,0.00000000,1612598271219,1612598278016,True,0.00000000,200.03249894,0.006106
16,BTCEUR,317087510,-1,web_bbdf41c820b149ab92b6f29de0389be2,33081.80000000,0.00604600,0.006046,200.0125628,FILLED,GTC,LIMIT,BUY,0.00000000,0.00000000,1612607874180,1612607878773,True,0.00000000,200.0125628,0.006046
17,BTCEUR,317095151,-1,web_49dbbe901e934e76b8d42a58da31315e,31000.00000000,0.01217000,-0.01217,-378.487,FILLED,GTC,STOP_LOSS_LIMIT,SELL,31100.00000000,0.00000000,1612608039191,1612714729439,True,0.00000000,-378.487,-0.01217
18,BTCEUR,324962498,-1,and_a754d645af574cc3a53a5d199aa7fb24,35395.17000000,0.00922200,0.009222,326.41425774,FILLED,GTC,LIMIT,BUY,0.00000000,0.00000000,1612790418379,1612790419985,True,0.00000000,326.41425774,0.009222
19,BTCEUR,377625556,-1,and_4e9c3be1e2f14c73b54f1a10bc2786b3,37100.00000000,0.00343000,0.00343,127.253,FILLED,GTC,LIMIT,BUY,0.00000000,0.00000000,1614068460205,1614071502837,True,0.00000000,127.253,0.00343
20,BTCEUR,377696999,-1,and_86fb03e84f5343af85df486f0006e15f,39785.72000000,0.00292600,0.002926,116.4033024,FILLED,GTC,LIMIT,BUY,0.00000000,0.00000000,1614069213140,1614069213140,True,0.00000000,116.4033024,0.002926
21,BTCEUR,377709512,-1,and_666b5e835cb443a18313831c3c43ca43,40021.23000000,0.00144200,0.001442,57.71061366,FILLED,GTC,LIMIT,BUY,0.00000000,0.00000000,1614069340449,1614069342771,True,0.00000000,57.71061366,0.001442
22,BTCEUR,422342750,-1,and_dedbbc6eab1140de86263d1716ad4535,40858.19000000,0.00244700,0.002447,99.92265772,FILLED,GTC,LIMIT,BUY,0.00000000,0.00000000,1615056154863,1615056154863,True,0.00000000,99.92265772,0.002447
23,BTCEUR,426324775,-1,mx9hauR454XyOBT7DOkYGJ,0.00000000,0.00047000,0.00047,19.9836292,FILLED,GTC,MARKET,BUY,0.00000000,0.00000000,1615156997182,1615156997182,True,0.00000000,19.9836292,0.00047
24,BTCEUR,484254068,-1,and_4120a3a426ed41aea28a1dee3ae71dbb,43600.00000000,0.00458700,0.004587,199.9932,FILLED,GTC,LIMIT,BUY,0.00000000,0.00000000,1616679171646,1616679171994,True,0.00000000,199.9932,0.004587
25,BTCEUR,565796690,-1,and_f340f1bb238c4fd5a94ce2b8904c96c1,46712.23000000,0.00481700,0.004817,225.01281191,FILLED,GTC,LIMIT,BUY,0.00000000,0.00000000,1618740393241,1618740395967,True,0.00000000,225.01281191,0.004817
26,BTCEUR,587571607,-1,and_7224ceb78d3e4745afb6efc6e3428972,37500.00000000,0.01000000,0.0,0.0,EXPIRED,GTC,LIMIT,BUY,0.00000000,0.00000000,1619163709869,1619336695380,True,0.00000000,0.0,0.0
27,BTCEUR,679747257,-1,and_c3125d0f281341c9b73054c2d93e9411,32000.00000000,0.01037500,0.010375,332.0,FILLED,GTC,LIMIT,BUY,0.00000000,0.00000000,1621186690654,1621399383399,True,0.00000000,332.0,0.010375
28,BTCEUR,680416502,-1,and_3722a72f334d46cf91ed4083538d725b,30000.00000000,0.01000000,0.01,300.0,FILLED,GTC,LIMIT,BUY,0.00000000,0.00000000,1621196771995,1621423758935,True,0.00000000,300.0,0.01
29,BTCEUR,680419519,-1,and_1f2e0e89a1bc42c388fe1a852a8222fa,28000.00000000,0.02000000,0.02,560.0,FILLED,GTC,LIMIT,BUY,0.00000000,0.00000000,1621196816194,1621423976233,True,0.00000000,560.0,0.02
30,BTCEUR,685979210,-1,and_fae2d2fc27d14375a7102ee2f90e623d,36260.00000000,0.00733500,0.007335,265.9671,FILLED,GTC,LIMIT,BUY,0.00000000,0.00000000,1621280618012,1621280618081,True,0.00000000,265.9671,0.007335
31,BTCEUR,708643620,-1,and_23cd60853fcc4cc9a183f70d69530848,29790.48000000,0.00671400,0.006714,200.01328272,FILLED,GTC,LIMIT,BUY,0.00000000,0.00000000,1621628980889,1621628989675,True,0.00000000,200.01328272,0.006714
32,BTCEUR,1023904170,-1,and_1105079b3e654b6b94782711a3890abc,37700.00000000,0.00600000,0.006,226.2,FILLED,GTC,LIMIT,BUY,0.00000000,0.00000000,1628340473925,1628340474588,True,0.00000000,226.2,0.006
33,BTCEUR,1061779955,-1,and_fd8ae8eecc584fa2a8e2a821a13a0e04,39500.00000000,0.00600000,0.006,236.90898,FILLED,GTC,LIMIT,BUY,0.00000000,0.00000000,1629180694428,1629180694428,True,0.00000000,236.90898,0.006
34,BTCEUR,1061782880,-1,and_3548f0cc7f5547a9a02f693b2f7733ce,39500.00000000,0.00734000,0.00734,289.84073882,FILLED,GTC,LIMIT,BUY,0.00000000,0.00000000,1629180747373,1629180747373,True,0.00000000,289.84073882,0.00734
35,BTCEUR,1061792842,-1,and_af40eb8fc409452fb514546296613ac2,39539.63000000,0.01258400,-0.012584,-497.58809672,FILLED,GTC,LIMIT,SELL,0.00000000,0.00000000,1629180957707,1629180957707,True,0.00000000,-497.58809672,-0.012584
36,BTCEUR,1061795260,-1,and_a44e6b26e1fd4ae6a76ed1905d4845d6,39500.00000000,0.00807100,-0.008071,-318.8077284,FILLED,GTC,LIMIT,SELL,0.00000000,0.00000000,1629181013010,1629181013010,True,0.00000000,-318.8077284,-0.008071
37,BTCEUR,1061796941,-1,and_ebce4b9a23974397bc42ec96b239dc97,39530.00000000,0.02179200,-0.021792,-861.43776,FILLED,GTC,LIMIT,SELL,0.00000000,0.00000000,1629181046252,1629181052631,True,0.00000000,-861.43776,-0.021792
38,BTCEUR,1101326849,-1,and_661f06e439d44787b11c70d2623cdf6c,41613.00000000,0.00500000,-0.005,-208.07845,FILLED,GTC,LIMIT,SELL,0.00000000,0.00000000,1630184379977,1630184379977,True,0.00000000,-208.07845,-0.005
39,BTCEUR,1101336437,-1,and_f656d5abc791436d9e2b38180c4dd857,32000.00000000,0.03000000,0.0,0.0,NEW,GTC,LIMIT,BUY,0.00000000,0.00000000,1630184801078,1630184801078,True,0.00000000,0.0,0.0
40,BTCEUR,1101347234,-1,and_124254080eae44ee93f0166ebcf76610,37000.00000000,0.02000000,0.0,0.0,NEW,GTC,LIMIT,BUY,0.00000000,0.00000000,1630185386447,1630185386447,True,0.00000000,0.0,0.0
41,ETHEUR,14333373,7155556,web_c0a78d684f7f44ceb390b794e029fd6f,354.30000000,0.26299000,-0.26299,-93.177357,FILLED,GTC,STOP_LOSS_LIMIT,SELL,354.50000000,0.00000000,1597524539453,1597576148160,True,0.00000000,-93.177357,-0.26299
42,ETHEUR,14333374,7155556,uZuyblZVoZBGcj38kzJKib,388.00000000,0.26299000,-0.0,-0.0,EXPIRED,GTC,LIMIT_MAKER,SELL,0.00000000,0.00000000,1597524539453,1597576147539,True,0.00000000,-0.0,-0.0
43,ETHEUR,20495121,-1,web_97000bf9d2bb4db0b340e474d4cd1f00,0.00000000,0.33383000,0.33383,99.4012208,FILLED,GTC,MARKET,BUY,0.00000000,0.00000000,1601743383068,1601743383068,True,0.00000000,99.4012208,0.33383
44,ETHEUR,41750186,-1,and_a4176a4c152b4d1581fa16043640690b,489.00000000,0.15344000,0.15344,75.03216,FILLED,GTC,LIMIT,BUY,0.00000000,0.00000000,1606338066056,1606338066644,True,0.00000000,75.03216,0.15344
45,ETHEUR,50782879,-1,and_8f47c19789894f0ab1350e489193ca40,493.60000000,0.30388000,0.30388,149.9823985,FILLED,GTC,LIMIT,BUY,0.00000000,0.00000000,1607323378653,1607323378763,True,0.00000000,149.9823985,0.30388
46,ETHEUR,90298072,-1,web_fd3be1dede35415b8953acaf1c569ac2,1050.00000000,0.08573000,0.08573,90.0044978,FILLED,GTC,LIMIT,BUY,0.00000000,0.00000000,1610278702524,1610278702524,True,0.00000000,90.0044978,0.08573
47,ETHEUR,90354886,-1,web_624755262a0643459910f533168a458b,1020.00000000,0.07844000,0.07844,79.982193,FILLED,GTC,LIMIT,BUY,0.00000000,0.00000000,1610280572964,1610280573275,True,0.00000000,79.982193,0.07844
48,ETHEUR,92195063,-1,and_00a5e100125e49aca16d2705801b5f9f,866.00000000,0.07168000,0.07168,61.9630592,FILLED,GTC,LIMIT,BUY,0.00000000,0.00000000,1610345626524,1610345626524,True,0.00000000,61.9630592,0.07168
49,ETHEUR,93255739,-1,web_e6b215bb0c854a71ad240761879f9c34,850.00000000,0.04630000,0.0463,39.355,FILLED,GTC,LIMIT,BUY,0.00000000,0.00000000,1610377122569,1610377135013,True,0.00000000,39.355,0.0463
50,ETHEUR,213566142,-1,and_0a447c1b857b42bf9577131aba002a54,1317.23000000,0.10000000,-0.1,-131.723,FILLED,GTC,LIMIT,SELL,0.00000000,0.00000000,1614230986871,1614230992292,True,0.00000000,-131.723,-0.1
51,ETHEUR,213594074,-1,and_c600b7090136420ab6ff4507f8524fe9,1328.56000000,0.10000000,-0.1,-132.856,FILLED,GTC,LIMIT,SELL,0.00000000,0.00000000,1614231646124,1614231653469,True,0.00000000,-132.856,-0.1
52,ETHEUR,220613924,-1,and_824cf9a94a1442a4a51f86eee52f51fa,1248.63000000,0.20000000,-0.2,-249.726,FILLED,GTC,LIMIT,SELL,0.00000000,0.00000000,1614407220984,1614407221127,True,0.00000000,-249.726,-0.2
53,ETHEUR,259377716,-1,and_24f299de7a68400a87109791980b5543,1464.04000000,0.07000000,-0.07,-102.4954,FILLED,GTC,LIMIT,SELL,0.00000000,0.00000000,1615554804048,1615554804048,True,0.00000000,-102.4954,-0.07
54,ETHEUR,352105303,-1,and_2c0565f1f1b6472fa358edb0bbe6f311,1991.23000000,0.05022000,0.05022,99.9809892,FILLED,GTC,LIMIT,BUY,0.00000000,0.00000000,1618577984292,1618577984292,True,0.00000000,99.9809892,0.05022
55,ETHEUR,352107660,-1,and_e5babe6048c34231bb9b3a758bbe00ab,2070.00000000,0.05029000,-0.05029,-104.1003,FILLED,GTC,LIMIT,SELL,0.00000000,0.00000000,1618578047142,1618622321721,True,0.00000000,-104.1003,-0.05029
56,ETHEUR,356593311,-1,and_da37e827618a4d6ebe6598fc58714b15,1974.00000000,0.06585000,0.06585,129.9879,FILLED,GTC,LIMIT,BUY,0.00000000,0.00000000,1618678971385,1618678974748,True,0.00000000,129.9879,0.06585
57,ETHEUR,416360994,-1,and_39491857a3d94548a1a8a1a40146e783,2708.00000000,0.03292000,-0.03292,-89.14736,FILLED,GTC,LIMIT,SELL,0.00000000,0.00000000,1620074295270,1620074295287,True,0.00000000,-89.14736,-0.03292
58,ETHEUR,416461584,-1,and_69bcf2e6db024cb6abe1b43ba8766ad7,2720.00000000,0.01646000,-0.01646,-44.7842034,FILLED,GTC,LIMIT,SELL,0.00000000,0.00000000,1620076339791,1620076339791,True,0.00000000,-44.7842034,-0.01646
59,ETHEUR,450580695,-1,and_fdd7c94e9183448e85bb8f19f8c4938b,3250.00000000,0.17000000,0.17,552.5,FILLED,GTC,LIMIT,BUY,0.00000000,0.00000000,1620834219053,1620863695593,True,0.00000000,552.5,0.17
60,ETHEUR,451696155,-1,and_1631d351b7b84232887a6ba4c3491d6e,2950.00000000,0.04203000,0.04203,123.9885,FILLED,GTC,LIMIT,BUY,0.00000000,0.00000000,1620850104875,1620864198024,True,0.00000000,123.9885,0.04203
61,ETHEUR,902792936,-1,and_a01764d0d1eb42f7bb230dfb1fa12b25,3016.00000000,0.13790000,0.1379,415.9064,FILLED,GTC,LIMIT,BUY,0.00000000,0.00000000,1630481489053,1630481489115,True,0.00000000,415.9064,0.1379
62,BNBEUR,122529080,-1,and_f0b5928c3ecb4e0fa4c31b390222687c,222.41800000,0.50000000,0.5,111.19687,FILLED,GTC,LIMIT,BUY,0.00000000,0.00000000,1615619406318,1615619406318,True,0.00000000,111.19687,0.5
63,BNBEUR,140264087,-1,and_827df0454dcc4600b206ca60d67679af,231.70000000,0.86300000,0.863,199.9570244,FILLED,GTC,LIMIT,BUY,0.00000000,0.00000000,1617014572589,1617014572632,True,0.00000000,199.9570244,0.863
64,BNBEUR,172596128,-1,and_8c7e87f6526145138616ee3a4c374c0d,406.60000000,0.76500000,0.765,311.0348475,FILLED,GTC,LIMIT,BUY,0.00000000,0.00000000,1618729889748,1618729889748,True,0.00000000,311.0348475,0.765
65,BNBEUR,210274203,-1,and_fe8c3c36eb6a4d4893625b188f543881,480.00000000,0.39060000,0.3906,187.488,FILLED,GTC,LIMIT,BUY,0.00000000,0.00000000,1620849201129,1620864146642,True,0.00000000,187.488,0.3906
66,BNBEUR,210274361,-1,and_7717ad9643ec44f2a2970edfb37aac90,460.00000000,0.13590000,0.1359,62.514,FILLED,GTC,LIMIT,BUY,0.00000000,0.00000000,1620849211979,1620864225854,True,0.00000000,62.514,0.1359
67,BNBEUR,211839842,-1,and_06a1bdcdccd94f2794feeee9388ca4cc,457.00000000,0.36300000,0.363,165.891,FILLED,GTC,LIMIT,BUY,0.00000000,0.00000000,1620927670592,1620927672408,True,0.00000000,165.891,0.363
68,BNBEUR,215880747,-1,and_fc7c82be55d7466fb3287ca1385d0bd8,375.00000000,1.00000000,1.0,375.0,FILLED,GTC,LIMIT,BUY,0.00000000,0.00000000,1621197927172,1621395681335,True,0.00000000,375.0,1.0
69,BNBEUR,219416014,-1,and_16f2fed5df3740139d286d057c2b3d88,300.00000000,0.66660000,0.6666,199.98,FILLED,GTC,LIMIT,BUY,0.00000000,0.00000000,1621403235533,1621423804259,True,0.00000000,199.98,0.6666
70,BNBEUR,224109952,-1,and_a5bd976dc7a64e8e9f123ec572ff4757,255.00000000,0.39210000,0.3921,99.9855,FILLED,GTC,LIMIT,BUY,0.00000000,0.00000000,1621628921698,1621628926063,True,0.00000000,99.9855,0.3921
71,BNBEUR,308889075,-1,and_01306b8493684ca38e9f87e80a9b262c,341.07000000,1.23770000,-1.2377,-422.142339,FILLED,GTC,LIMIT,SELL,0.00000000,0.00000000,1628743935237,1628743936928,True,0.00000000,-422.142339,-1.2377
72,BNBEUR,317955962,-1,and_747042407f4f40828cdee79d9ffea2f7,423.50000000,0.95000000,-0.95,-402.496,FILLED,GTC,LIMIT,SELL,0.00000000,0.00000000,1629873387487,1629873387487,True,0.00000000,-402.496,-0.95
73,XRPEUR,26744554,-1,and_8690639ccc97455b91cd43b1cb0166ed,0.40200000,385.80000000,385.8,155.0916,FILLED,GTC,LIMIT,BUY,0.00000000,0.00000000,1608648536787,1608648537728,True,0.00000000,155.0916,385.8
74,XRPEUR,44834135,-1,and_d4b2885c587542d3be342f2cc1e0432f,0.18380000,250.00000000,250.0,45.913453,FILLED,GTC,LIMIT,BUY,0.00000000,0.00000000,1609881662486,1609881662486,True,0.00000000,45.913453,250.0
75,XRPEUR,45932940,-1,and_ed00635745434c4da8e8b422b94d1ad7,0.19000000,250.00000000,-250.0,-49.124527,FILLED,GTC,LIMIT,SELL,0.00000000,0.00000000,1609952441411,1609952441411,True,0.00000000,-49.124527,-250.0
76,XRPEUR,86124485,-1,and_5fe38f83714140da9620fc0a85cac866,0.32300000,70.00000000,-70.0,-22.6428,FILLED,GTC,LIMIT,SELL,0.00000000,0.00000000,1612038887996,1612038887996,True,0.00000000,-22.6428,-70.0
77,XRPEUR,87269334,-1,and_3a8c090cfb174dc2a519c285e0983bb1,0.37700000,50.00000000,-50.0,-18.8815,FILLED,GTC,LIMIT,SELL,0.00000000,0.00000000,1612078767326,1612078767326,True,0.00000000,-18.8815,-50.0
78,XRPEUR,89018955,-1,and_237eac61f98f4734bf7192e0d9da2edd,0.40573000,25.00000000,-25.0,-10.14325,FILLED,GTC,LIMIT,SELL,0.00000000,0.00000000,1612130823073,1612130836790,True,0.00000000,-10.14325,-25.0
79,XRPEUR,89019831,-1,and_057e226f288246e884da54a510b1cf11,0.45000000,44.00000000,-44.0,-19.8,FILLED,GTC,LIMIT,SELL,0.00000000,0.00000000,1612130849345,1612150146214,True,0.00000000,-19.8,-44.0
80,XRPEUR,90881908,-1,and_12181031c28743e18a7e6e1caf1acc1b,0.49552000,49.30000000,-49.3,-24.429136,FILLED,GTC,LIMIT,SELL,0.00000000,0.00000000,1612182765517,1612182766643,True,0.00000000,-24.429136,-49.3
81,XRPEUR,91493339,-1,and_84345f54adbd4b1b8ad94680d8c39755,0.33200000,48.00000000,-48.0,-15.936,FILLED,GTC,LIMIT,SELL,0.00000000,0.00000000,1612201807495,1612201807912,True,0.00000000,-15.936,-48.0
82,XRPEUR,205403784,-1,and_8ed4c9ea5af14138ba26041e16d29fe5,1.16000000,50.00000000,-50.0,-58.0405,FILLED,GTC,LIMIT,SELL,0.00000000,0.00000000,1618125552935,1618125552935,True,0.00000000,-58.0405,-50.0
83,XRPEUR,257830570,-1,and_1f33d686f2bb46bd82610e5946679aaf,1.18000000,50.01000000,-50.01,-59.051808,FILLED,GTC,LIMIT,SELL,0.00000000,0.00000000,1620725352625,1620725352625,True,0.00000000,-59.051808,-50.01
84,EURBUSD,71357376,-1,and_26ccc76ac7a54ce69aafae1b920daedc,1.15230000,433.91000000,-433.91,-499.994493,FILLED,GTC,LIMIT,SELL,0.00000000,0.00000000,1628794853274,1628794853274,True,0.00000000,-499.994493,-433.91
85,SNXBTC,10989889,-1,web_c44d114b3e56460d8c04a8acc812dcd3,0.00052140,17.79000000,17.79,0.0092757,FILLED,GTC,LIMIT,BUY,0.00000000,0.00000000,1597674423956,1597674431865,True,0.00000000,0.0092757,17.79
86,SNXBTC,11005008,7229191,web_90097076bbdb4f6f944773c6052dd4df,0.00051000,17.77000000,-17.77,-0.00907691,FILLED,GTC,STOP_LOSS_LIMIT,SELL,0.00051100,0.00000000,1597677732682,1597678947925,True,0.00000000,-0.00907691,-17.77
87,DOTBTC,618607028,-1,and_b3f01a2907544c1587f0ccbe12f282b8,0.00045710,11.10000000,-11.1,-0.00507381,FILLED,GTC,LIMIT,SELL,0.00000000,0.00000000,1627830506486,1627830506796,True,0.00000000,-0.00507381,-11.1
88,DOTBTC,628864709,-1,and_58d60670c9f3465aaed887e3ed215548,0.00047300,60.00000000,-60.0,-0.02838,FILLED,GTC,LIMIT,SELL,0.00000000,0.00000000,1628355505897,1628355549331,True,0.00000000,-0.02838,-60.0
89,SXPBTC,355004598,-1,and_7e553bd21040496db4f1fcc46669af63,0.00005965,342.00000000,-342.0,-0.02040368,FILLED,GTC,LIMIT,SELL,0.00000000,0.00000000,1628354883222,1628354883222,True,0.00000000,-0.02040368,-342.0
90,SXPEUR,4921675,-1,and_fd24694ca0cf41f3847afe7f708d9b41,0.62000000,100.00000000,100.0,62.0,FILLED,GTC,LIMIT,BUY,0.00000000,0.00000000,1609881366623,1609881366623,True,0.00000000,62.0,100.0
91,SXPEUR,7509173,-1,and_fca4cb75a3194452947918c22651bf88,1.44700000,20.00000000,-20.0,-28.96,FILLED,GTC,LIMIT,SELL,0.00000000,0.00000000,1612451828215,1612451828215,True,0.00000000,-28.96,-20.0
92,SXPEUR,7522674,-1,and_5c3f3a6bc17b4fc0ab87b38a503b1882,1.36000000,50.00000000,50.0,68.0,FILLED,GTC,LIMIT,BUY,0.00000000,0.00000000,1612454237575,1612576169801,True,0.00000000,68.0,50.0
93,SXPEUR,7749386,-1,and_a880b804b22242b1ab83de6f8cfcd44b,1.44200000,10.00000000,10.0,14.42,FILLED,GTC,LIMIT,BUY,0.00000000,0.00000000,1612555698992,1612574316116,True,0.00000000,14.42,10.0
94,SXPEUR,7749423,-1,and_95f7bd63b30546b9a04a7e68a8277d35,1.40000000,15.00000000,15.0,21.0,FILLED,GTC,LIMIT,BUY,0.00000000,0.00000000,1612555710917,1612575124339,True,0.00000000,21.0,15.0
95,SXPEUR,8785788,-1,and_3ae25d4c7f9240838a9c758f156e5b8a,1.99300000,50.00000000,50.0,99.3,FILLED,GTC,LIMIT,BUY,0.00000000,0.00000000,1612961418658,1612961418658,True,0.00000000,99.3,50.0
96,SXPEUR,11099557,-1,web_2801e761d2c840e8962938a5832055b4,2.60000000,37.77800000,37.778,98.028041,FILLED,GTC,LIMIT,BUY,0.00000000,0.00000000,1613849643451,1613849643451,True,0.00000000,98.028041,37.778
97,SXPEUR,11823184,-1,and_bb4f4be1cab944c59a75c0be5ab60c7d,1.62000000,35.18500000,35.185,56.9997,FILLED,GTC,LIMIT,BUY,0.00000000,0.00000000,1614070936027,1614070939571,True,0.00000000,56.9997,35.185
98,SXPEUR,13259446,-1,and_605dcebe47654b438a2961036347b6ce,1.57100000,63.65300000,63.653,99.871557,FILLED,GTC,LIMIT,BUY,0.00000000,0.00000000,1614538395232,1614538395232,True,0.00000000,99.871557,63.653
99,SXPEUR,14649522,-1,and_c6dd9a69b29b46c18e926bdb533f2728,2.50000000,40.00000000,-40.0,-100.0,FILLED,GTC,LIMIT,SELL,0.00000000,0.00000000,1615232717838,1615232740441,True,0.00000000,-100.0,-40.0
100,SXPEUR,15044892,-1,and_2dd06da322404d52a3171ff6c85c548e,2.74000000,50.00000000,-50.0,-137.0,FILLED,GTC,LIMIT,SELL,0.00000000,0.00000000,1615388397246,1615388397246,True,0.00000000,-137.0,-50.0
101,SXPEUR,28129799,-1,and_b8cdf90a73dd40848311d3956deaa61d,3.43000000,50.00000000,50.0,171.15,FILLED,GTC,LIMIT,BUY,0.00000000,0.00000000,1618729639883,1618729639883,True,0.00000000,171.15,50.0
102,SXPEUR,28155645,-1,and_2dc32be10e214db2b0f14372b59a5357,3.50000000,28.57100000,28.571,99.9985,FILLED,GTC,LIMIT,BUY,0.00000000,0.00000000,1618732600676,1618732600690,True,0.00000000,99.9985,28.571
103,SXPEUR,28236729,-1,and_b2b071c31ff54f7aacdaf48fd6b8cf48,3.00000000,24.83600000,24.836,74.508,FILLED,GTC,LIMIT,BUY,0.00000000,0.00000000,1618746790130,1618746791337,True,0.00000000,74.508,24.836
104,SXPEUR,41168814,-1,and_a586ad25648347c68ce11b53b4f23e5b,2.55500000,50.00000000,50.0,127.75,FILLED,GTC,LIMIT,BUY,0.00000000,0.00000000,1621402874261,1621423116090,True,0.00000000,127.75,50.0
105,SXPEUR,41169217,-1,and_bd7208fbf0e849d2b9e1482a205d50c6,2.71400000,30.00000000,30.0,81.36,FILLED,GTC,LIMIT,BUY,0.00000000,0.00000000,1621402947045,1621402947045,True,0.00000000,81.36,30.0
106,SXPEUR,43194996,-1,and_6fa5e7ecc9e346fe8a722ac004c7f7a9,1.28000000,60.11000000,60.11,76.9408,FILLED,GTC,LIMIT,BUY,0.00000000,0.00000000,1621774044721,1621774044721,True,0.00000000,76.9408,60.11
107,SXPEUR,43195117,-1,and_6bc2014b28324c51b4f4ea15da7f3afc,1.27500000,19.72400000,19.724,25.1481,FILLED,GTC,LIMIT,BUY,0.00000000,0.00000000,1621774060994,1621774061005,True,0.00000000,25.1481,19.724
108,LINKEUR,5036809,-1,and_fb5f0e1996a1424ebafaa0385c36df67,8.60000000,13.95600000,13.956,119.728524,FILLED,GTC,LIMIT,BUY,0.00000000,0.00000000,1608764235182,1608764235182,True,0.00000000,119.728524,13.956
109,LINKEUR,7917066,-1,and_9fed77e556974ad98968e54f2435836f,13.25000000,4.00000000,4.0,53.0,FILLED,GTC,LIMIT,BUY,0.00000000,0.00000000,1610049849493,1610049863603,True,0.00000000,53.0,4.0
110,LINKEUR,20347746,-1,and_f46ac650e39f4e70b266044c43c0f938,22.37300000,5.00000000,-5.0,-112.02,FILLED,GTC,LIMIT,SELL,0.00000000,0.00000000,1614230890774,1614230890774,True,0.00000000,-112.02,-5.0
111,LINKEUR,22504641,-1,and_f15482256420475bba47b76f7f58f783,24.11100000,4.15000000,4.15,100.06065,FILLED,GTC,LIMIT,BUY,0.00000000,0.00000000,1614863784524,1614863784549,True,0.00000000,100.06065,4.15
112,LINKEUR,30285122,-1,and_433a343e8a91456b83f9fc94e7b36b24,25.70000000,5.80400000,5.804,149.1628,FILLED,GTC,LIMIT,BUY,0.00000000,0.00000000,1617262731317,1617262751756,True,0.00000000,149.1628,5.804
113,LINKEUR,50454287,-1,and_a9afe83a195749c99a8db23ab8a3d868,30.30000000,3.29600000,3.296,99.83584,FILLED,GTC,LIMIT,BUY,0.00000000,0.00000000,1619522547281,1619522547281,True,0.00000000,99.83584,3.296
114,LINKEUR,50461634,-1,and_b9a22155cd8942afbf87828a9b3a0f1e,36.21000000,4.00000000,-4.0,-144.84,FILLED,GTC,LIMIT,SELL,0.00000000,0.00000000,1619524355338,1620133638399,True,0.00000000,-144.84,-4.0
115,LINKEUR,62284765,-1,and_6bc2afcc3d184364bd9355fd009fe298,34.50000000,5.00000000,5.0,172.5,FILLED,GTC,LIMIT,BUY,0.00000000,0.00000000,1620848980708,1620863833533,True,0.00000000,172.5,5.0
116,LINKEUR,62951905,-1,and_efed3043d1964ca9a605ba507db02383,34.20000000,4.00000000,4.0,136.8,FILLED,GTC,LIMIT,BUY,0.00000000,0.00000000,1620927756784,1620927757414,True,0.00000000,136.8,4.0
117,LINKEUR,64065885,-1,and_47f0972a2d1b4234998d1123f43ee59b,37.31500000,3.58600000,-3.586,-133.818762,FILLED,GTC,LIMIT,SELL,0.00000000,0.00000000,1621065119072,1621065119072,True,0.00000000,-133.818762,-3.586
118,LINKEUR,65083740,-1,and_1d98c6d7f6c44910b5000aedf3afc8ca,32.05600000,1.19500000,-1.195,-38.30692,FILLED,GTC,LIMIT,SELL,0.00000000,0.00000000,1621196706311,1621196718371,True,0.00000000,-38.30692,-1.195
119,DOTEUR,7254404,-1,and_595b1e7e07c04c9295b519e7c1fd18a6,6.32000000,7.38300000,7.383,46.424304,FILLED,GTC,LIMIT,BUY,0.00000000,0.00000000,1610346128102,1610346128102,True,0.00000000,46.424304,7.383
120,DOTEUR,7256506,-1,and_48c3c6e55803498e8d95b8a0ea0ffef2,6.34500000,6.20200000,6.202,39.35169,FILLED,GTC,LIMIT,BUY,0.00000000,0.00000000,1610346407317,1610346411452,True,0.00000000,39.35169,6.202
121,DOTEUR,14921162,-1,and_5a0d512d7325423788329594dd54b2de,13.26300000,6.62800000,6.628,87.907164,FILLED,GTC,LIMIT,BUY,0.00000000,0.00000000,1612130985129,1612130985129,True,0.00000000,87.907164,6.628
122,DOTEUR,15233443,-1,and_f65552c172024e2d97b15350f3df232d,13.58200000,9.00000000,9.0,122.202,FILLED,GTC,LIMIT,BUY,0.00000000,0.00000000,1612252103819,1612252103819,True,0.00000000,122.202,9.0
123,DOTEUR,16345563,-1,and_3cb83abbbecb413086453c50cd73938b,17.45800000,3.00000000,3.0,52.374,FILLED,GTC,LIMIT,BUY,0.00000000,0.00000000,1612512023117,1612512023125,True,0.00000000,52.374,3.0
124,DOTEUR,22800361,-1,and_b2389e4b1150480588a57743b3359cd2,23.52900000,3.33500000,3.335,78.469215,FILLED,GTC,LIMIT,BUY,0.00000000,0.00000000,1614071726101,1614071726259,True,0.00000000,78.469215,3.335
125,DOTEUR,22801206,-1,and_26f64a38a7584b6bbd834a1ec2793e23,23.90700000,3.14400000,3.144,75.163608,FILLED,GTC,LIMIT,BUY,0.00000000,0.00000000,1614071775607,1614071776252,True,0.00000000,75.163608,3.144
126,DOTEUR,24958541,-1,and_a8411df66961479ab15343d558e13c3d,26.04600000,5.75900000,5.759,149.952842,FILLED,GTC,LIMIT,BUY,0.00000000,0.00000000,1614372698146,1614372698146,True,0.00000000,149.952842,5.759
127,DOTEUR,26389465,-1,and_cb62442e74f54ce2b80f25a025c60bfb,29.17200000,3.42800000,3.428,100.001616,FILLED,GTC,LIMIT,BUY,0.00000000,0.00000000,1614597126920,1614597133892,True,0.00000000,100.001616,3.428
128,DOTEUR,30154013,-1,and_9750f4f2699a4f96b1a34b7d4bb59c6f,32.65000000,2.00000000,-2.0,-65.3,FILLED,GTC,LIMIT,SELL,0.00000000,0.00000000,1615390070418,1615390070909,True,0.00000000,-65.3,-2.0
129,DOTEUR,32622668,-1,and_79a9ab9d0bb34c6e8ee6b14ca3eb2615,30.23800000,3.92900000,3.929,118.805102,FILLED,GTC,LIMIT,BUY,0.00000000,0.00000000,1616044152548,1616044229349,True,0.00000000,118.805102,3.929
130,DOTEUR,50420099,-1,and_3e5ed7c83b834594b94f7eb2e4ccc3c1,31.08300000,6.66600000,6.666,207.199278,FILLED,GTC,LIMIT,BUY,0.00000000,0.00000000,1618729681404,1618729687854,True,0.00000000,207.199278,6.666
131,DOTEUR,50460312,-1,and_14504f0c9f83431ca2caf67cdfa1f311,31.40000000,6.70700000,6.707,210.5998,FILLED,GTC,LIMIT,BUY,0.00000000,0.00000000,1618732654418,1618732654946,True,0.00000000,210.5998,6.707
132,DOTEUR,51991483,-1,and_a1e9f39d57bb450d9cd310c0e0d947ee,28.00000000,10.88200000,10.882,304.696,FILLED,GTC,LIMIT,BUY,0.00000000,0.00000000,1618912163843,1618912180752,True,0.00000000,304.696,10.882
133,DOTEUR,63351296,-1,and_1dc361eac3314325bbdaffaede2a20ba,30.85000000,6.00000000,-6.0,-185.1,FILLED,GTC,LIMIT,SELL,0.00000000,0.00000000,1620208127593,1620208127602,True,0.00000000,-185.1,-6.0
134,DOTEUR,70634252,-1,and_5b6c7bffe2ae4f5786edf36e4044aa90,31.60000000,5.00000000,5.0,157.535,FILLED,GTC,LIMIT,BUY,0.00000000,0.00000000,1620927561572,1620927561572,True,0.00000000,157.535,5.0
135,DOTEUR,70639670,-1,and_c7ddff2591064e1891afa82517083d28,32.40000000,7.00000000,7.0,226.799364,FILLED,GTC,LIMIT,BUY,0.00000000,0.00000000,1620927927730,1620927927730,True,0.00000000,226.799364,7.0
136,DOTEUR,72041241,-1,and_5871180064354151ad10db35e7d98456,38.60000000,10.00000000,-10.0,-386.0,FILLED,GTC,LIMIT,SELL,0.00000000,0.00000000,1621065403392,1621065403423,True,0.00000000,-386.0,-10.0
137,DOTEUR,72042572,-1,and_9cd9d7cb4e804522adfbaff2f578de53,37.00000000,10.00000000,10.0,370.0,FILLED,GTC,LIMIT,BUY,0.00000000,0.00000000,1621065482064,1621074435412,True,0.00000000,370.0,10.0
138,DOTEUR,72048160,-1,and_ed9bf439bc79473681613cafc0a408ae,34.00000000,4.00000000,4.0,136.0,FILLED,GTC,LIMIT,BUY,0.00000000,0.00000000,1621065820067,1621185162839,True,0.00000000,136.0,4.0
139,DOTEUR,73221696,-1,and_82b6294b68a9494cbb16bb5fbf7d919a,27.00000000,7.78100000,7.781,210.087,FILLED,GTC,LIMIT,BUY,0.00000000,0.00000000,1621186549230,1621423823921,True,0.00000000,210.087,7.781
140,DOTEUR,73339303,-1,and_6e06d0ac25ef4e05ab3741df337bdfc2,32.90000000,2.00000000,-2.0,-65.834,FILLED,GTC,LIMIT,SELL,0.00000000,0.00000000,1621196979828,1621196979828,True,0.00000000,-65.834,-2.0
141,DOTEUR,73340174,-1,and_32500470902c4295b995eac8267c0ed2,25.80000000,15.00000000,15.0,387.0,FILLED,GTC,LIMIT,BUY,0.00000000,0.00000000,1621197084597,1621423909475,True,0.00000000,387.0,15.0
142,DOTEUR,134165693,-1,and_002e617ae7664dd1983b5902004e6801,20.90000000,15.55300000,-15.553,-325.0577,FILLED,GTC,LIMIT,SELL,0.00000000,0.00000000,1629281338718,1629281361399,True,0.00000000,-325.0577,-15.553
143,ADAEUR,6747894,-1,and_f03093722044497d80abfe46e2b0b382,0.25400000,480.00000000,480.0,121.8432,FILLED,GTC,LIMIT,BUY,0.00000000,0.00000000,1609955227921,1609955227921,True,0.00000000,121.8432,480.0
144,ADAEUR,8394300,-1,and_f0d130171476415cb9098596029a3994,0.24300000,198.80000000,198.8,48.3084,FILLED,GTC,LIMIT,BUY,0.00000000,0.00000000,1610305234731,1610305234737,True,0.00000000,48.3084,198.8
145,ADAEUR,8592268,-1,and_4aaa50959bec425cb652b089655c287e,0.21800000,160.50000000,160.5,34.989,FILLED,GTC,LIMIT,BUY,0.00000000,0.00000000,1610346187489,1610346204523,True,0.00000000,34.989,160.5
146,ADAEUR,8592409,-1,and_7727007a3a4e43f9be59b102166ccb9b,0.21790000,120.40000000,120.4,26.23516,FILLED,GTC,LIMIT,BUY,0.00000000,0.00000000,1610346219370,1610346220126,True,0.00000000,26.23516,120.4
147,ADAEUR,9859558,-1,and_6c5f2efb821e44c6acaa7651152aa0ba,0.25379000,394.00000000,394.0,99.99326,FILLED,GTC,LIMIT,BUY,0.00000000,0.00000000,1610605850138,1610605850229,True,0.00000000,99.99326,394.0
148,ADAEUR,22174176,-1,and_ce831bf50b684fc880d44d168dec17e8,0.70500000,232.20000000,232.2,163.701,FILLED,GTC,LIMIT,BUY,0.00000000,0.00000000,1612955744525,1612955754307,True,0.00000000,163.701,232.2
149,ADAEUR,22177694,-1,and_d919709f45224649ad0d97bbebdd3da7,0.78000000,200.00000000,-200.0,-156.0,FILLED,GTC,LIMIT,SELL,0.00000000,0.00000000,1612955889009,1613000016289,True,0.00000000,-156.0,-200.0
150,ADAEUR,23067067,-1,and_fa884a5cbd2c49ffaf131892d26d744a,0.75800000,200.00000000,200.0,151.6,FILLED,GTC,LIMIT,BUY,0.00000000,0.00000000,1613050135304,1613050136276,True,0.00000000,151.6,200.0
151,ADAEUR,23617169,-1,and_0563a558cca8430fa727ae12ba06c3b0,0.74000000,135.10000000,135.1,99.974,FILLED,GTC,LIMIT,BUY,0.00000000,0.00000000,1613111661753,1613111661881,True,0.00000000,99.974,135.1
152,ADAEUR,24096396,-1,and_3cbf6ecdd4304883befcbe97eea13a7c,0.76240000,131.10000000,131.1,99.95064,FILLED,GTC,LIMIT,BUY,0.00000000,0.00000000,1613199371602,1613199372587,True,0.00000000,99.95064,131.1
153,ADAEUR,36398038,-1,and_e97eb9e173454e8288d4532e85320ecd,1.07800000,200.00000000,-200.0,-215.608,FILLED,GTC,LIMIT,SELL,0.00000000,0.00000000,1614503644061,1614503644061,True,0.00000000,-215.608,-200.0
154,ADAEUR,37537011,-1,and_fb40c1237fb14d2c8ab907c6b1ce780d,1.05800000,94.50000000,94.5,99.981,FILLED,GTC,LIMIT,BUY,0.00000000,0.00000000,1614597244681,1614597245643,True,0.00000000,99.981,94.5
155,ADAEUR,39668095,-1,and_9228a08bc64a44f7914d416b049f0e51,0.99650000,135.00000000,135.0,134.52615,FILLED,GTC,LIMIT,BUY,0.00000000,0.00000000,1614843269705,1614843269705,True,0.00000000,134.52615,135.0
156,ADAEUR,41735264,-1,and_67349dd1ed914b05a84110fcd9a7416d,0.93700000,106.60000000,106.6,99.882068,FILLED,GTC,LIMIT,BUY,0.00000000,0.00000000,1615039809934,1615039809934,True,0.00000000,99.882068,106.6
157,ADAEUR,44830244,-1,and_bd7beb2f1a1a44c6b6bce657516a8598,0.92200000,108.40000000,108.4,99.9448,FILLED,GTC,LIMIT,BUY,0.00000000,0.00000000,1615540378581,1615540390881,True,0.00000000,99.9448,108.4
158,ADAEUR,45108604,-1,and_102d0e831f0744bca323405a6f98f04a,0.87100000,90.00000000,90.0,78.39,FILLED,GTC,LIMIT,BUY,0.00000000,0.00000000,1615582718618,1615582718646,True,0.00000000,78.39,90.0
159,ADAEUR,48456676,-1,and_bc775cb57ec84ffba7b2ce2756713384,1.04750000,100.00000000,-100.0,-104.75,FILLED,GTC,LIMIT,SELL,0.00000000,0.00000000,1615976707644,1615976711359,True,0.00000000,-104.75,-100.0
160,ADAEUR,109611702,-1,and_96b29c2b63484472a6eb7d32fb717785,1.53000000,203.45000000,203.45,310.566425,FILLED,GTC,LIMIT,BUY,0.00000000,0.00000000,1620927829575,1620927829575,True,0.00000000,310.566425,203.45
161,ADAEUR,111577280,-1,and_7c3334554020452e89bddaebc1599642,1.75000000,500.00000000,-500.0,-875.0,FILLED,GTC,LIMIT,SELL,0.00000000,0.00000000,1621065921471,1621065922974,True,0.00000000,-875.0,-500.0
162,ADAEUR,111951866,-1,and_c04561a3d5554a92bd3358190365da89,1.86440000,200.00000000,-200.0,-373.08,FILLED,GTC,LIMIT,SELL,0.00000000,0.00000000,1621084747205,1621084747205,True,0.00000000,-373.08,-200.0
163,ADAEUR,113798080,-1,and_027c65486e7247349d10745d9771951f,1.60000000,400.00000000,400.0,640.0,FILLED,GTC,LIMIT,BUY,0.00000000,0.00000000,1621194632223,1621194704881,True,0.00000000,640.0,400.0
164,ADAEUR,113798249,-1,and_5b75dbdad8944edca33b3882e5f27312,1.45000000,200.00000000,200.0,290.0,FILLED,GTC,LIMIT,BUY,0.00000000,0.00000000,1621194642708,1621194735327,True,0.00000000,290.0,200.0
165,ADAEUR,113847573,-1,and_94be3c769d0346cebe2fdf4a828e22e3,1.72000000,600.00000000,-600.0,-1033.38,FILLED,GTC,LIMIT,SELL,0.00000000,0.00000000,1621196599239,1621196599239,True,0.00000000,-1033.38,-600.0
166,ADAEUR,113852743,-1,and_bf17511264a740e09c57c1decc7d5f8c,1.68500000,417.54000000,-417.54,-703.5549,FILLED,GTC,LIMIT,SELL,0.00000000,0.00000000,1621196845115,1621196845115,True,0.00000000,-703.5549,-417.54
167,ADAEUR,113941512,-1,and_6e6064ae3ac94e4ba95e54d6777c1384,1.45000000,206.89000000,206.89,299.9905,FILLED,GTC,LIMIT,BUY,0.00000000,0.00000000,1621201431271,1621397951744,True,0.00000000,299.9905,206.89
168,ADAEUR,117314744,-1,and_ce9a82a950c94fa6b3ce2a37461bf6dd,1.42730000,150.00000000,150.0,213.795,FILLED,GTC,LIMIT,BUY,0.00000000,0.00000000,1621401528412,1621401528412,True,0.00000000,213.795,150.0
169,ADAEUR,117360888,-1,and_4e381ea515a64d2fa6f8d2515f223304,1.35000000,62.99000000,62.99,85.0365,FILLED,GTC,LIMIT,BUY,0.00000000,0.00000000,1621403286900,1621423037808,True,0.00000000,85.0365,62.99
170,ADAEUR,117361451,-1,and_7da7b53654ad46f0954d8619ba318e2f,1.30000000,65.41000000,65.41,85.033,FILLED,GTC,LIMIT,BUY,0.00000000,0.00000000,1621403308017,1621423326335,True,0.00000000,85.033,65.41
171,ADAEUR,192576536,-1,and_0901293b27374fedbb1cf165362701c8,1.78860000,352.05000000,-352.05,-629.67663,FILLED,GTC,LIMIT,SELL,0.00000000,0.00000000,1629181550024,1629181557825,True,0.00000000,-629.67663,-352.05
172,ADAEUR,195000833,-1,and_fa674f43848545159ab05ad98aab5c29,1.82000000,400.00000000,0.0,0.0,NEW,GTC,LIMIT,BUY,0.00000000,0.00000000,1629405884993,1629405884993,True,0.00000000,0.0,0.0
173,UNIEUR,1578,-1,and_317cf0ca123c4f82818590fb9dd688d1,26.05300000,3.83900000,3.839,99.748737,FILLED,GTC,LIMIT,BUY,0.00000000,0.00000000,1615541095009,1615541095009,True,0.00000000,99.748737,3.839
174,ENJEUR,6793139,-1,and_83b6c5ea265e4327b035723a93f713a2,1.86900000,31.59500000,31.595,59.01946,FILLED,GTC,LIMIT,BUY,0.00000000,0.00000000,1620731240944,1620731240944,True,0.00000000,59.01946,31.595
175,ENJEUR,6793193,-1,and_6efeaf8247744b0dbfc7b57aa1a2592a,1.86600000,53.60700000,53.607,100.030662,FILLED,GTC,LIMIT,BUY,0.00000000,0.00000000,1620731289956,1620731289964,True,0.00000000,100.030662,53.607
176,THETAEUR,4887907,-1,and_8707e6a8a7b14d49836c6de46f4caa7e,8.85000000,22.59900000,22.599,199.729962,FILLED,GTC,LIMIT,BUY,0.00000000,0.00000000,1620731463052,1620731463052,True,0.00000000,199.729962,22.599
